[
{
    "pk": 1, 
    "model": "search.destinationcategory", 
    "fields": {
        "name": "National Park"
    }
},
{
    "pk": 2, 
    "model": "search.destinationcategory", 
    "fields": {
        "name": "Airport"
    }
},
{
    "pk": 3, 
    "model": "search.destinationcategory", 
    "fields": {
        "name": "Island"
    }
},
{
    "pk": 4, 
    "model": "search.destinationcategory", 
    "fields": {
        "name": "Nature"
    }
},
{
    "pk": 5, 
    "model": "search.destinationcategory", 
    "fields": {
        "name": "City"
    }
},
{
    "pk": 1, 
    "model": "search.pointofinterestcategory", 
    "fields": {
        "name": "Unassigned"
    }
},
{
    "pk": 2, 
    "model": "search.pointofinterestcategory", 
    "fields": {
        "name": "Hiking trail"
    }
},
{
    "pk": 3, 
    "model": "search.pointofinterestcategory", 
    "fields": {
        "name": "Historic"
    }
},
{
    "pk": 4, 
    "model": "search.pointofinterestcategory", 
    "fields": {
        "name": "Vista point"
    }
},
{
    "pk": 5, 
    "model": "search.pointofinterestcategory", 
    "fields": {
        "name": "Architecture"
    }
},
{
    "pk": 6, 
    "model": "search.pointofinterestcategory", 
    "fields": {
        "name": "Art"
    }
},
{
    "pk": 7, 
    "model": "search.pointofinterestcategory", 
    "fields": {
        "name": "Waterfalls"
    }
},
{
    "pk": 8, 
    "model": "search.pointofinterestcategory", 
    "fields": {
        "name": "Lake"
    }
},
{
    "pk": 9, 
    "model": "search.pointofinterestcategory", 
    "fields": {
        "name": "Beach"
    }
},
{
    "pk": 10, 
    "model": "search.pointofinterestcategory", 
    "fields": {
        "name": "Drive"
    }
},
{
    "pk": 11, 
    "model": "search.pointofinterestcategory", 
    "fields": {
        "name": "Park"
    }
},
{
    "pk": 12, 
    "model": "search.pointofinterestcategory", 
    "fields": {
        "name": "Visitor Center"
    }
},
{
    "pk": 1, 
    "model": "search.country", 
    "fields": {
        "name": "United States"
    }
},
{
    "pk": 2, 
    "model": "search.country", 
    "fields": {
        "name": "Canada"
    }
},
{
    "pk": 3, 
    "model": "search.country", 
    "fields": {
        "name": "Costa Rica"
    }
},
{
    "pk": 4, 
    "model": "search.country", 
    "fields": {
        "name": "Mexico"
    }
},
{
    "pk": 5, 
    "model": "search.country", 
    "fields": {
        "name": "India"
    }
},
{
    "pk": 6, 
    "model": "search.country", 
    "fields": {
        "name": "French Polynesia"
    }
},
{
    "pk": 1, 
    "model": "search.state", 
    "fields": {
        "country": 1, 
        "code": "HI", 
        "name": "Hawaii"
    }
},
{
    "pk": 2, 
    "model": "search.state", 
    "fields": {
        "country": 1, 
        "code": "CA", 
        "name": "California"
    }
},
{
    "pk": 3, 
    "model": "search.state", 
    "fields": {
        "country": 1, 
        "code": "OR", 
        "name": "Oregon"
    }
},
{
    "pk": 4, 
    "model": "search.state", 
    "fields": {
        "country": 1, 
        "code": "WA", 
        "name": "Washington"
    }
},
{
    "pk": 5, 
    "model": "search.state", 
    "fields": {
        "country": 1, 
        "code": "NV", 
        "name": "Nevada"
    }
},
{
    "pk": 6, 
    "model": "search.state", 
    "fields": {
        "country": 1, 
        "code": "", 
        "name": "Utah"
    }
},
{
    "pk": 7, 
    "model": "search.state", 
    "fields": {
        "country": 1, 
        "code": "", 
        "name": "Montana"
    }
},
{
    "pk": 8, 
    "model": "search.state", 
    "fields": {
        "country": 1, 
        "code": "AZ", 
        "name": "Arizona"
    }
},
{
    "pk": 9, 
    "model": "search.state", 
    "fields": {
        "country": 4, 
        "code": "", 
        "name": "Quintana Roo"
    }
},
{
    "pk": 10, 
    "model": "search.state", 
    "fields": {
        "country": 4, 
        "code": "", 
        "name": "Yucatan"
    }
},
{
    "pk": 11, 
    "model": "search.state", 
    "fields": {
        "country": 1, 
        "code": "NY", 
        "name": "New York"
    }
},
{
    "pk": 12, 
    "model": "search.state", 
    "fields": {
        "country": 1, 
        "code": "", 
        "name": "None"
    }
},
{
    "pk": 13, 
    "model": "search.state", 
    "fields": {
        "country": 1, 
        "code": "", 
        "name": "Arkansas"
    }
},
{
    "pk": 14, 
    "model": "search.state", 
    "fields": {
        "country": 5, 
        "code": "", 
        "name": "Kerala"
    }
},
{
    "pk": 15, 
    "model": "search.state", 
    "fields": {
        "country": 5, 
        "code": "", 
        "name": "Tamil Nadu"
    }
},
{
    "pk": 16, 
    "model": "search.state", 
    "fields": {
        "country": 5, 
        "code": "", 
        "name": "Karnataka"
    }
},
{
    "pk": 17, 
    "model": "search.state", 
    "fields": {
        "country": 6, 
        "code": "", 
        "name": "None"
    }
},
{
    "pk": 1, 
    "model": "search.destination", 
    "fields": {
        "category": 1, 
        "rating": "0", 
        "photo": "search/images/destination/1/Yosemite.jpg", 
        "name": "Yosemite National Park", 
        "open_hours": "24 hours", 
        "best_time": "Spring, Summer", 
        "country": 1, 
        "number_of_ratings": 0, 
        "longitude": "-119.5383294", 
        "state": 2, 
        "time_required": "2-3 days", 
        "added_by": "aju", 
        "address": "Yosemite National Park, California, United States", 
        "latitude": "37.8651011", 
        "added_on": "2014-07-16T00:00:00Z", 
        "description": "Yosemite is an amazing place to visit due the beautiful landscapes. Must see for anyone traveling to California."
    }
},
{
    "pk": 3, 
    "model": "search.destination", 
    "fields": {
        "category": 1, 
        "rating": "0", 
        "photo": "", 
        "name": "Lassen Volcanic National Park", 
        "open_hours": "d", 
        "best_time": "d", 
        "country": 1, 
        "number_of_ratings": 0, 
        "longitude": "-121.4206552", 
        "state": 2, 
        "time_required": "d", 
        "added_by": "aju", 
        "address": "Lassen Volcanic National Park, California, United States", 
        "latitude": "40.49766", 
        "added_on": "2014-08-03T05:08:20Z", 
        "description": "d"
    }
},
{
    "pk": 6, 
    "model": "search.destination", 
    "fields": {
        "category": 3, 
        "rating": "0", 
        "photo": "", 
        "name": "Kauai", 
        "open_hours": "d", 
        "best_time": "d", 
        "country": 1, 
        "number_of_ratings": 0, 
        "longitude": "-159.5737912", 
        "state": 1, 
        "time_required": "d", 
        "added_by": "aju", 
        "address": "Kauai, Hawaii, United States", 
        "latitude": "21.9661076", 
        "added_on": "2014-08-04T21:14:07Z", 
        "description": "Natural beauty."
    }
},
{
    "pk": 7, 
    "model": "search.destination", 
    "fields": {
        "category": 4, 
        "rating": "0", 
        "photo": "search/images/destination/7/Monterey.jpg", 
        "name": "Monterey", 
        "open_hours": "d", 
        "best_time": "d", 
        "country": 1, 
        "number_of_ratings": 0, 
        "longitude": "-121.8946761", 
        "state": 2, 
        "time_required": "d", 
        "added_by": "aju", 
        "address": "Monterey, California, United States", 
        "latitude": "36.6002378", 
        "added_on": "2014-08-04T21:15:29Z", 
        "description": "Beautiful coastline"
    }
},
{
    "pk": 8, 
    "model": "search.destination", 
    "fields": {
        "category": 1, 
        "rating": "0", 
        "photo": "search/images/destination/8/CraterLake.jpeg", 
        "name": "Crater Lake National Park", 
        "open_hours": "ff", 
        "best_time": "dd", 
        "country": 1, 
        "number_of_ratings": 0, 
        "longitude": "-122.1053071", 
        "state": 3, 
        "time_required": "2 days", 
        "added_by": "aju", 
        "address": "Crater Lake National Park, Oregon, United States", 
        "latitude": "42.9423752", 
        "added_on": "2014-08-04T21:59:03Z", 
        "description": "dd"
    }
},
{
    "pk": 9, 
    "model": "search.destination", 
    "fields": {
        "category": 5, 
        "rating": "0", 
        "photo": "search/images/destination/9/San Francisco.jpg", 
        "name": "San Francisco", 
        "open_hours": "", 
        "best_time": "", 
        "country": 1, 
        "number_of_ratings": 0, 
        "longitude": "-122.4194155", 
        "state": 2, 
        "time_required": "", 
        "added_by": "aju", 
        "address": "San Francisco, California, United States", 
        "latitude": "37.7749295", 
        "added_on": "2014-08-05T18:24:49.913Z", 
        "description": ""
    }
},
{
    "pk": 10, 
    "model": "search.destination", 
    "fields": {
        "category": 5, 
        "rating": "0", 
        "photo": "", 
        "name": "Canc\u00fan", 
        "open_hours": "", 
        "best_time": "", 
        "country": 4, 
        "number_of_ratings": 0, 
        "longitude": "-86.8515279", 
        "state": 9, 
        "time_required": "", 
        "added_by": "aju", 
        "address": "Canc\u00fan, Quintana Roo, Mexico", 
        "latitude": "21.161908", 
        "added_on": "2014-08-05T20:51:28.990Z", 
        "description": ""
    }
},
{
    "pk": 11, 
    "model": "search.destination", 
    "fields": {
        "category": 1, 
        "rating": "0", 
        "photo": "", 
        "name": "Glacier National Park", 
        "open_hours": "", 
        "best_time": "", 
        "country": 1, 
        "number_of_ratings": 0, 
        "longitude": "-113.7870225", 
        "state": 7, 
        "time_required": "", 
        "added_by": "aju", 
        "address": "Glacier National Park, Montana, United States", 
        "latitude": "48.7596128", 
        "added_on": "2014-08-06T21:50:52.365Z", 
        "description": ""
    }
},
{
    "pk": 12, 
    "model": "search.destination", 
    "fields": {
        "category": 5, 
        "rating": "0", 
        "photo": "", 
        "name": "New York", 
        "open_hours": "", 
        "best_time": "", 
        "country": 1, 
        "number_of_ratings": 0, 
        "longitude": "-74.0059413", 
        "state": 11, 
        "time_required": "", 
        "added_by": "aju", 
        "address": "New York, New York, United States", 
        "latitude": "40.7127837", 
        "added_on": "2014-08-06T22:06:44.353Z", 
        "description": ""
    }
},
{
    "pk": 13, 
    "model": "search.destination", 
    "fields": {
        "category": 5, 
        "rating": "0", 
        "photo": "", 
        "name": "Seattle", 
        "open_hours": "", 
        "best_time": "", 
        "country": 1, 
        "number_of_ratings": 0, 
        "longitude": "-122.3320708", 
        "state": 4, 
        "time_required": "", 
        "added_by": "aju", 
        "address": "Seattle, Washington, United States", 
        "latitude": "47.6062095", 
        "added_on": "2014-08-06T22:06:55.823Z", 
        "description": ""
    }
},
{
    "pk": 14, 
    "model": "search.destination", 
    "fields": {
        "category": 5, 
        "rating": "0", 
        "photo": "", 
        "name": "Los Angeles", 
        "open_hours": "", 
        "best_time": "", 
        "country": 1, 
        "number_of_ratings": 0, 
        "longitude": "-118.2436849", 
        "state": 2, 
        "time_required": "", 
        "added_by": "aju", 
        "address": "Los Angeles, California, United States", 
        "latitude": "34.0522342", 
        "added_on": "2014-08-06T22:07:04.308Z", 
        "description": ""
    }
},
{
    "pk": 15, 
    "model": "search.destination", 
    "fields": {
        "category": 5, 
        "rating": "0", 
        "photo": "", 
        "name": "San Diego", 
        "open_hours": "", 
        "best_time": "", 
        "country": 1, 
        "number_of_ratings": 0, 
        "longitude": "-117.1610838", 
        "state": 2, 
        "time_required": "", 
        "added_by": "aju", 
        "address": "San Diego, California, United States", 
        "latitude": "32.715738", 
        "added_on": "2014-08-06T22:07:10.200Z", 
        "description": ""
    }
},
{
    "pk": 16, 
    "model": "search.destination", 
    "fields": {
        "category": 5, 
        "rating": "0", 
        "photo": "", 
        "name": "Portland", 
        "open_hours": "", 
        "best_time": "", 
        "country": 1, 
        "number_of_ratings": 0, 
        "longitude": "-122.6762071", 
        "state": 3, 
        "time_required": "", 
        "added_by": "aju", 
        "address": "Portland, Oregon, United States", 
        "latitude": "45.5234515", 
        "added_on": "2014-08-06T22:07:21.114Z", 
        "description": ""
    }
},
{
    "pk": 17, 
    "model": "search.destination", 
    "fields": {
        "category": 5, 
        "rating": "0", 
        "photo": "search/images/destination/17/NapaValley.jpg", 
        "name": "Napa Valley", 
        "open_hours": "", 
        "best_time": "", 
        "country": 1, 
        "number_of_ratings": 0, 
        "longitude": "-122.3943299", 
        "state": 2, 
        "time_required": "", 
        "added_by": "aju", 
        "address": "Napa Valley, California, United States", 
        "latitude": "38.4274315", 
        "added_on": "2014-08-06T22:08:11.792Z", 
        "description": ""
    }
},
{
    "pk": 18, 
    "model": "search.destination", 
    "fields": {
        "category": 4, 
        "rating": "0", 
        "photo": "search/images/destination/18/LakeTahoe.jpg", 
        "name": "Lake Tahoe", 
        "open_hours": "", 
        "best_time": "", 
        "country": 1, 
        "number_of_ratings": 0, 
        "longitude": "-120.0323507", 
        "state": 12, 
        "time_required": "", 
        "added_by": "aju", 
        "address": "Lake Tahoe, United States", 
        "latitude": "39.0968493", 
        "added_on": "2014-08-06T23:01:14.388Z", 
        "description": ""
    }
},
{
    "pk": 19, 
    "model": "search.destination", 
    "fields": {
        "category": 4, 
        "rating": "0", 
        "photo": "", 
        "name": "Mount Shasta", 
        "open_hours": "", 
        "best_time": "", 
        "country": 1, 
        "number_of_ratings": 0, 
        "longitude": "-122.3105666", 
        "state": 2, 
        "time_required": "", 
        "added_by": "aju", 
        "address": "Mount Shasta, California, United States", 
        "latitude": "41.3098746", 
        "added_on": "2014-08-06T23:18:04.012Z", 
        "description": ""
    }
},
{
    "pk": 20, 
    "model": "search.destination", 
    "fields": {
        "category": 5, 
        "rating": "0", 
        "photo": "", 
        "name": "Las Vegas", 
        "open_hours": "", 
        "best_time": "", 
        "country": 1, 
        "number_of_ratings": 0, 
        "longitude": "-115.1398296", 
        "state": 5, 
        "time_required": "", 
        "added_by": "aju", 
        "address": "Las Vegas, Nevada, United States", 
        "latitude": "36.1699412", 
        "added_on": "2014-08-06T23:18:38.746Z", 
        "description": ""
    }
},
{
    "pk": 21, 
    "model": "search.destination", 
    "fields": {
        "category": 1, 
        "rating": "0", 
        "photo": "", 
        "name": "Grand Canyon National Park", 
        "open_hours": "", 
        "best_time": "", 
        "country": 1, 
        "number_of_ratings": 0, 
        "longitude": "-112.1129972", 
        "state": 8, 
        "time_required": "", 
        "added_by": "aju", 
        "address": "Grand Canyon National Park, Arizona, United States", 
        "latitude": "36.1069652", 
        "added_on": "2014-08-06T23:19:08.786Z", 
        "description": ""
    }
},
{
    "pk": 22, 
    "model": "search.destination", 
    "fields": {
        "category": 1, 
        "rating": "0", 
        "photo": "", 
        "name": "Joshua Tree National Park", 
        "open_hours": "", 
        "best_time": "", 
        "country": 1, 
        "number_of_ratings": 0, 
        "longitude": "-115.9009923", 
        "state": 2, 
        "time_required": "", 
        "added_by": "aju", 
        "address": "Joshua Tree National Park, California, United States", 
        "latitude": "33.873415", 
        "added_on": "2014-08-06T23:19:19.401Z", 
        "description": ""
    }
},
{
    "pk": 23, 
    "model": "search.destination", 
    "fields": {
        "category": 1, 
        "rating": "0", 
        "photo": "", 
        "name": "Bryce Canyon National Park", 
        "open_hours": "", 
        "best_time": "", 
        "country": 1, 
        "number_of_ratings": 0, 
        "longitude": "-112.1870895", 
        "state": 6, 
        "time_required": "", 
        "added_by": "aju", 
        "address": "Bryce Canyon National Park, Utah, United States", 
        "latitude": "37.5930377", 
        "added_on": "2014-08-06T23:19:33.861Z", 
        "description": ""
    }
},
{
    "pk": 24, 
    "model": "search.destination", 
    "fields": {
        "category": 1, 
        "rating": "0", 
        "photo": "", 
        "name": "Zion National Park", 
        "open_hours": "", 
        "best_time": "", 
        "country": 1, 
        "number_of_ratings": 0, 
        "longitude": "-113.0457164", 
        "state": 6, 
        "time_required": "", 
        "added_by": "aju", 
        "address": "Zion National Park, Utah, United States", 
        "latitude": "37.322817", 
        "added_on": "2014-08-06T23:19:42.681Z", 
        "description": ""
    }
},
{
    "pk": 25, 
    "model": "search.destination", 
    "fields": {
        "category": 1, 
        "rating": "0", 
        "photo": "", 
        "name": "Death Valley National Park", 
        "open_hours": "", 
        "best_time": "", 
        "country": 1, 
        "number_of_ratings": 0, 
        "longitude": "-117.0794078", 
        "state": 12, 
        "time_required": "", 
        "added_by": "aju", 
        "address": "Death Valley National Park, United States", 
        "latitude": "36.5053891", 
        "added_on": "2014-08-06T23:22:27.299Z", 
        "description": ""
    }
},
{
    "pk": 26, 
    "model": "search.destination", 
    "fields": {
        "category": 1, 
        "rating": "0", 
        "photo": "", 
        "name": "Antelope Canyon", 
        "open_hours": "", 
        "best_time": "", 
        "country": 1, 
        "number_of_ratings": 0, 
        "longitude": "-111.3744378", 
        "state": 8, 
        "time_required": "", 
        "added_by": "aju", 
        "address": "Antelope Canyon, Arizona, United States", 
        "latitude": "36.8618968", 
        "added_on": "2014-08-06T23:27:54.637Z", 
        "description": ""
    }
},
{
    "pk": 27, 
    "model": "search.destination", 
    "fields": {
        "category": 1, 
        "rating": "0", 
        "photo": "", 
        "name": "McArthur-Burney Falls Memorial State Park", 
        "open_hours": "", 
        "best_time": "", 
        "country": 1, 
        "number_of_ratings": 0, 
        "longitude": "-121.6493624", 
        "state": 2, 
        "time_required": "", 
        "added_by": "aju", 
        "address": "McArthur-Burney Falls Memorial State Park, California, United States", 
        "latitude": "41.0137958", 
        "added_on": "2014-08-08T22:23:05.664Z", 
        "description": ""
    }
},
{
    "pk": 28, 
    "model": "search.destination", 
    "fields": {
        "category": 1, 
        "rating": "0", 
        "photo": "", 
        "name": "Olympic National Park", 
        "open_hours": "", 
        "best_time": "", 
        "country": 1, 
        "number_of_ratings": 0, 
        "longitude": "-123.4982507", 
        "state": 4, 
        "time_required": "", 
        "added_by": "aju", 
        "address": "Olympic National Park, Washington, United States", 
        "latitude": "47.9690682", 
        "added_on": "2014-08-08T22:36:27.210Z", 
        "description": ""
    }
},
{
    "pk": 29, 
    "model": "search.destination", 
    "fields": {
        "category": 1, 
        "rating": "0", 
        "photo": "", 
        "name": "Lava Beds National Monument", 
        "open_hours": "", 
        "best_time": "Any time.", 
        "country": 1, 
        "number_of_ratings": 0, 
        "longitude": "-121.515656", 
        "state": 2, 
        "time_required": "", 
        "added_by": "aju", 
        "address": "Lava Beds National Monument, California, United States", 
        "latitude": "41.734428", 
        "added_on": "2014-08-17T23:49:06.145Z", 
        "description": "A magnificent natural wonder with several lava caves and hiking trails. You can spend time in wilderness, look for wild flowers etc."
    }
},
{
    "pk": 30, 
    "model": "search.destination", 
    "fields": {
        "category": 1, 
        "rating": "0", 
        "photo": "", 
        "name": "Bryce Canyon National Park", 
        "open_hours": "", 
        "best_time": "", 
        "country": 1, 
        "number_of_ratings": 0, 
        "longitude": "-112.1870895", 
        "state": 6, 
        "time_required": "", 
        "added_by": "aju", 
        "address": "Bryce Canyon National Park, UT, United States", 
        "latitude": "37.5930377", 
        "added_on": "2014-09-03T04:29:05.912Z", 
        "description": ""
    }
},
{
    "pk": 31, 
    "model": "search.destination", 
    "fields": {
        "category": 1, 
        "rating": "0", 
        "photo": "", 
        "name": "Arches National Park", 
        "open_hours": "", 
        "best_time": "", 
        "country": 1, 
        "number_of_ratings": 0, 
        "longitude": "-109.5925139", 
        "state": 6, 
        "time_required": "", 
        "added_by": "aju", 
        "address": "Arches National Park, UT, United States", 
        "latitude": "38.733081", 
        "added_on": "2014-09-03T04:29:34.401Z", 
        "description": ""
    }
},
{
    "pk": 32, 
    "model": "search.destination", 
    "fields": {
        "category": 1, 
        "rating": "0", 
        "photo": "", 
        "name": "Zion National Park", 
        "open_hours": "", 
        "best_time": "", 
        "country": 1, 
        "number_of_ratings": 0, 
        "longitude": "-113.0457164", 
        "state": 6, 
        "time_required": "", 
        "added_by": "aju", 
        "address": "Zion National Park, UT, United States", 
        "latitude": "37.322817", 
        "added_on": "2014-09-03T04:29:49.643Z", 
        "description": ""
    }
},
{
    "pk": 33, 
    "model": "search.destination", 
    "fields": {
        "category": 1, 
        "rating": "0", 
        "photo": "", 
        "name": "Canyonlands National Park", 
        "open_hours": "", 
        "best_time": "", 
        "country": 1, 
        "number_of_ratings": 0, 
        "longitude": "-109.8782592", 
        "state": 6, 
        "time_required": "", 
        "added_by": "aju", 
        "address": "Canyonlands National Park, UT, United States", 
        "latitude": "38.3268693", 
        "added_on": "2014-09-03T04:30:02.900Z", 
        "description": ""
    }
},
{
    "pk": 34, 
    "model": "search.destination", 
    "fields": {
        "category": 1, 
        "rating": "0", 
        "photo": "", 
        "name": "Capitol Reef National Park", 
        "open_hours": "", 
        "best_time": "", 
        "country": 1, 
        "number_of_ratings": 0, 
        "longitude": "-111.2615042", 
        "state": 6, 
        "time_required": "", 
        "added_by": "aju", 
        "address": "Capitol Reef National Park, UT, United States", 
        "latitude": "38.3669703", 
        "added_on": "2014-09-03T04:30:16.943Z", 
        "description": ""
    }
},
{
    "pk": 1, 
    "model": "search.pointofinterest", 
    "fields": {
        "rating": "0", 
        "photo": "", 
        "number_of_ratings": 0, 
        "last_updated_on": "2001-01-01T00:00:00Z", 
        "category": 4, 
        "best_time": "Summer morning", 
        "destination": 6, 
        "state": 1, 
        "salience": 1, 
        "latitude": "22.0718055", 
        "time_required": "1 hour", 
        "added_by": "aju", 
        "description": "This is one of the most beautiful places to be in Kauai", 
        "open_hours": "24 hours", 
        "latest_update": "d", 
        "address": "Waimea Canyon Lookout, Hawaii", 
        "name": "Waimea Canyon Lookout", 
        "url": "ddd", 
        "country": 1, 
        "longitude": "-159.6616083", 
        "ticket_price": "7", 
        "added_on": "2014-07-16T00:00:00Z"
    }
},
{
    "pk": 2, 
    "model": "search.pointofinterest", 
    "fields": {
        "rating": "0", 
        "photo": "search/images/point_of_interest/2/bridalveil.jpeg", 
        "number_of_ratings": 0, 
        "last_updated_on": "2001-01-01T00:00:00Z", 
        "category": 7, 
        "best_time": "Spring, Summer", 
        "destination": 1, 
        "state": 2, 
        "salience": 0, 
        "latitude": "37.716753", 
        "time_required": "1 hour", 
        "added_by": "aju", 
        "description": "This is a beautiful water fall at the Yosemite valley.", 
        "open_hours": "24 hours", 
        "latest_update": "dd", 
        "address": "Bridalveil Fall, Yosemite", 
        "name": "Bridalveil Fall", 
        "url": "f", 
        "country": 1, 
        "longitude": "-119.646505", 
        "ticket_price": "14", 
        "added_on": "2014-07-16T00:00:00Z"
    }
},
{
    "pk": 3, 
    "model": "search.pointofinterest", 
    "fields": {
        "rating": "0", 
        "photo": "/search/images/point_of_interest/3/half dome.jpg", 
        "number_of_ratings": 0, 
        "last_updated_on": "2001-01-01T00:00:00Z", 
        "category": 2, 
        "best_time": "Summer", 
        "destination": 1, 
        "state": 2, 
        "salience": 0, 
        "latitude": "37.7458396", 
        "time_required": "7 hours", 
        "added_by": "aju", 
        "description": "Half dome is the main attraction of Yosemite. This is a pretty hard hike though. I updated it jus tnow.", 
        "open_hours": "Sunrise to sunset", 
        "latest_update": "sadf", 
        "address": "Half Dome, California, United States", 
        "name": "Half Dome", 
        "url": "dd", 
        "country": 1, 
        "longitude": "-119.5330556", 
        "ticket_price": "11", 
        "added_on": "2014-07-16T00:00:00Z"
    }
},
{
    "pk": 4, 
    "model": "search.pointofinterest", 
    "fields": {
        "rating": "0", 
        "photo": "search/images/point_of_interest/4/half moon bay.jpg", 
        "number_of_ratings": 0, 
        "last_updated_on": "2001-01-01T00:00:00Z", 
        "category": 4, 
        "best_time": "w", 
        "destination": 9, 
        "state": 2, 
        "salience": 0, 
        "latitude": "37.4657319", 
        "time_required": "t", 
        "added_by": "aju", 
        "description": "Half moon bay offers a nice view of the Pacific with an amazing location to spend hours during sunset.", 
        "open_hours": "e", 
        "latest_update": "k", 
        "address": "Half Moon Bay, California, United States", 
        "name": "Half Moon Bay", 
        "url": "s", 
        "country": 1, 
        "longitude": "-122.4458382", 
        "ticket_price": "", 
        "added_on": "2014-07-23T00:00:00Z"
    }
},
{
    "pk": 6, 
    "model": "search.pointofinterest", 
    "fields": {
        "rating": "0", 
        "photo": "", 
        "number_of_ratings": 0, 
        "last_updated_on": "2001-01-01T00:00:00Z", 
        "category": 9, 
        "best_time": "d", 
        "destination": 6, 
        "state": 1, 
        "salience": 2, 
        "latitude": "21.8733704", 
        "time_required": "d", 
        "added_by": "aju", 
        "description": "Great beach on the South West edge of Kauai. ", 
        "open_hours": "d", 
        "latest_update": "d", 
        "address": "Poipu Beach, Koloa, HI 96756, USA", 
        "name": "Poipu Beach", 
        "url": "d", 
        "country": 1, 
        "longitude": "-159.4541994", 
        "ticket_price": "d", 
        "added_on": "2014-07-24T00:00:00Z"
    }
},
{
    "pk": 7, 
    "model": "search.pointofinterest", 
    "fields": {
        "rating": "0", 
        "photo": "search/images/point_of_interest/7/image_1.jpg", 
        "number_of_ratings": 0, 
        "last_updated_on": "2001-01-01T00:00:00Z", 
        "category": 3, 
        "best_time": "s", 
        "destination": 6, 
        "state": 1, 
        "salience": 3, 
        "latitude": "22.2316145", 
        "time_required": "d", 
        "added_by": "aju", 
        "description": "A light house in a land projecting into the ocean.", 
        "open_hours": "d", 
        "latest_update": "dd", 
        "address": "Kilauea Lighthouse, Hawaii, United States", 
        "name": "Kilauea Lighthouse", 
        "url": "dd", 
        "country": 1, 
        "longitude": "-159.4020077", 
        "ticket_price": "4", 
        "added_on": "2014-07-24T00:00:00Z"
    }
},
{
    "pk": 8, 
    "model": "search.pointofinterest", 
    "fields": {
        "rating": "0", 
        "photo": "search/images/point_of_interest/8/17 mile.jpeg", 
        "number_of_ratings": 0, 
        "last_updated_on": "2001-01-01T00:00:00Z", 
        "category": 10, 
        "best_time": "ddddd", 
        "destination": 7, 
        "state": 2, 
        "salience": 0, 
        "latitude": "36.6205285", 
        "time_required": "d", 
        "added_by": "aju", 
        "description": "An amazing drive along the pacific coast. On a sunny day you would see amazing colors of the ocean.", 
        "open_hours": "ddd", 
        "latest_update": "dd", 
        "address": "17 Mile Drive, California, United States", 
        "name": "17 Mile Drive", 
        "url": "d", 
        "country": 1, 
        "longitude": "-121.9303503", 
        "ticket_price": "555", 
        "added_on": "2014-07-24T00:00:00Z"
    }
},
{
    "pk": 10, 
    "model": "search.pointofinterest", 
    "fields": {
        "rating": "0", 
        "photo": "", 
        "number_of_ratings": 0, 
        "last_updated_on": "2001-01-01T00:00:00Z", 
        "category": 2, 
        "best_time": "", 
        "destination": 3, 
        "state": 2, 
        "salience": 0, 
        "latitude": "40.4661403", 
        "time_required": "", 
        "added_by": "aju", 
        "description": "Pretty good hiking trail", 
        "open_hours": "", 
        "latest_update": "", 
        "address": "Bumpass Hell Trailhead, Lassen Volcanic National Park, California, USA", 
        "name": "Bumpass Hell Trailhead", 
        "url": "ddd", 
        "country": 1, 
        "longitude": "-121.5139772", 
        "ticket_price": "", 
        "added_on": "2001-01-01T00:00:00Z"
    }
},
{
    "pk": 11, 
    "model": "search.pointofinterest", 
    "fields": {
        "rating": "0", 
        "photo": "", 
        "number_of_ratings": 0, 
        "last_updated_on": "2001-01-01T00:00:00Z", 
        "category": 9, 
        "best_time": "", 
        "destination": 7, 
        "state": 2, 
        "salience": 0, 
        "latitude": "36.566389", 
        "time_required": "", 
        "added_by": "aju", 
        "description": "", 
        "open_hours": "", 
        "latest_update": "", 
        "address": "Pebble Beach, California, United States", 
        "name": "Pebble Beach", 
        "url": "ddd", 
        "country": 1, 
        "longitude": "-121.946667", 
        "ticket_price": "", 
        "added_on": "2001-01-01T00:00:00Z"
    }
},
{
    "pk": 12, 
    "model": "search.pointofinterest", 
    "fields": {
        "rating": "0", 
        "photo": "search/images/point_of_interest/12/Opaekaa.jpg", 
        "number_of_ratings": 0, 
        "last_updated_on": "2001-01-01T00:00:00Z", 
        "category": 7, 
        "best_time": "d", 
        "destination": 6, 
        "state": 1, 
        "salience": 3, 
        "latitude": "22.052222", 
        "time_required": "d", 
        "added_by": "aju", 
        "description": "d", 
        "open_hours": "d", 
        "latest_update": "d", 
        "address": "Opaeka'a Falls, Hawaii, United States", 
        "name": "'Opaeka'a Falls", 
        "url": "ddd", 
        "country": 1, 
        "longitude": "-159.364167", 
        "ticket_price": "d", 
        "added_on": "2001-01-01T00:00:00Z"
    }
},
{
    "pk": 13, 
    "model": "search.pointofinterest", 
    "fields": {
        "rating": "0", 
        "photo": "", 
        "number_of_ratings": 0, 
        "last_updated_on": "2001-01-01T00:00:00Z", 
        "category": 4, 
        "best_time": "", 
        "destination": 9, 
        "state": 2, 
        "salience": 0, 
        "latitude": "37.808673", 
        "time_required": "", 
        "added_by": "aju", 
        "description": "", 
        "open_hours": "", 
        "latest_update": "", 
        "address": "PIER 39, California, United States", 
        "name": "PIER 39", 
        "url": "ddd", 
        "country": 1, 
        "longitude": "-122.409821", 
        "ticket_price": "", 
        "added_on": "2001-01-01T00:00:00Z"
    }
},
{
    "pk": 14, 
    "model": "search.pointofinterest", 
    "fields": {
        "rating": "0", 
        "photo": "", 
        "number_of_ratings": 0, 
        "last_updated_on": "2001-01-01T00:00:00Z", 
        "category": 4, 
        "best_time": "", 
        "destination": 9, 
        "state": 2, 
        "salience": 0, 
        "latitude": "38.0690894", 
        "time_required": "", 
        "added_by": "aju", 
        "description": "", 
        "open_hours": "", 
        "latest_update": "", 
        "address": "Point Reyes Station, California, United States", 
        "name": "Point Reyes Station", 
        "url": "ddd", 
        "country": 1, 
        "longitude": "-122.8069356", 
        "ticket_price": "", 
        "added_on": "2001-01-01T00:00:00Z"
    }
},
{
    "pk": 15, 
    "model": "search.pointofinterest", 
    "fields": {
        "rating": "0", 
        "photo": "", 
        "number_of_ratings": 0, 
        "last_updated_on": "2001-01-01T00:00:00Z", 
        "category": 2, 
        "best_time": "", 
        "destination": 9, 
        "state": 2, 
        "salience": 0, 
        "latitude": "37.8979369", 
        "time_required": "", 
        "added_by": "aju", 
        "description": "", 
        "open_hours": "", 
        "latest_update": "", 
        "address": "Muir Woods Trail, California, United States", 
        "name": "Muir Woods Trail", 
        "url": "ddd", 
        "country": 1, 
        "longitude": "-122.5688517", 
        "ticket_price": "", 
        "added_on": "2001-01-01T00:00:00Z"
    }
},
{
    "pk": 16, 
    "model": "search.pointofinterest", 
    "fields": {
        "rating": "0", 
        "photo": "", 
        "number_of_ratings": 0, 
        "last_updated_on": "2001-01-01T00:00:00Z", 
        "category": 2, 
        "best_time": "", 
        "destination": 3, 
        "state": 2, 
        "salience": 0, 
        "latitude": "40.4593269", 
        "time_required": "", 
        "added_by": "aju", 
        "description": "", 
        "open_hours": "", 
        "latest_update": "", 
        "address": "Kings Creek Falls, California, United States", 
        "name": "Kings Creek Falls", 
        "url": "ddd", 
        "country": 1, 
        "longitude": "-121.4410884", 
        "ticket_price": "", 
        "added_on": "2001-01-01T00:00:00Z"
    }
},
{
    "pk": 17, 
    "model": "search.pointofinterest", 
    "fields": {
        "rating": "0", 
        "photo": "", 
        "number_of_ratings": 0, 
        "last_updated_on": "2001-01-01T00:00:00Z", 
        "category": 3, 
        "best_time": "", 
        "destination": 10, 
        "state": 10, 
        "salience": 0, 
        "latitude": "20.682618", 
        "time_required": "", 
        "added_by": "aju", 
        "description": "", 
        "open_hours": "", 
        "latest_update": "", 
        "address": "Chichen Itza, Yucatan, Mexico", 
        "name": "Chichen-itza", 
        "url": "ddd", 
        "country": 4, 
        "longitude": "-88.5686445", 
        "ticket_price": "", 
        "added_on": "2001-01-01T00:00:00Z"
    }
},
{
    "pk": 18, 
    "model": "search.pointofinterest", 
    "fields": {
        "rating": "0", 
        "photo": "", 
        "number_of_ratings": 0, 
        "last_updated_on": "2001-01-01T00:00:00Z", 
        "category": 3, 
        "best_time": "", 
        "destination": 10, 
        "state": 9, 
        "salience": 0, 
        "latitude": "20.2114185", 
        "time_required": "", 
        "added_by": "aju", 
        "description": "", 
        "open_hours": "", 
        "latest_update": "", 
        "address": "Tulum, Quintana Roo, Mexico", 
        "name": "Tulum", 
        "url": "ddd", 
        "country": 4, 
        "longitude": "-87.4653502", 
        "ticket_price": "", 
        "added_on": "2001-01-01T00:00:00Z"
    }
},
{
    "pk": 19, 
    "model": "search.pointofinterest", 
    "fields": {
        "rating": "0", 
        "photo": "", 
        "number_of_ratings": 0, 
        "last_updated_on": "2001-01-01T00:00:00Z", 
        "category": 7, 
        "best_time": "", 
        "destination": 10, 
        "state": 9, 
        "salience": 0, 
        "latitude": "20.387595", 
        "time_required": "", 
        "added_by": "aju", 
        "description": "", 
        "open_hours": "", 
        "latest_update": "", 
        "address": "Aktun Chen, Quintana Roo, Mexico", 
        "name": "Aktun Chen", 
        "url": "ddd", 
        "country": 4, 
        "longitude": "-87.354269", 
        "ticket_price": "", 
        "added_on": "2001-01-01T00:00:00Z"
    }
},
{
    "pk": 20, 
    "model": "search.pointofinterest", 
    "fields": {
        "rating": "0", 
        "photo": "", 
        "number_of_ratings": 0, 
        "last_updated_on": "2001-01-01T00:00:00Z", 
        "category": 3, 
        "best_time": "", 
        "destination": 10, 
        "state": 10, 
        "salience": 0, 
        "latitude": "20.68964", 
        "time_required": "", 
        "added_by": "aju", 
        "description": "", 
        "open_hours": "", 
        "latest_update": "", 
        "address": "Valladolid, Yucatan, Mexico", 
        "name": "Valladolid", 
        "url": "ddd", 
        "country": 4, 
        "longitude": "-88.2022488", 
        "ticket_price": "", 
        "added_on": "2001-01-01T00:00:00Z"
    }
},
{
    "pk": 21, 
    "model": "search.pointofinterest", 
    "fields": {
        "rating": "0", 
        "photo": "", 
        "number_of_ratings": 0, 
        "last_updated_on": "2001-01-01T00:00:00Z", 
        "category": 11, 
        "best_time": "", 
        "destination": 10, 
        "state": 9, 
        "salience": 0, 
        "latitude": "20.5809134", 
        "time_required": "", 
        "added_by": "aju", 
        "description": "", 
        "open_hours": "", 
        "latest_update": "", 
        "address": "Xcaret, Quintana Roo, Mexico", 
        "name": "Xcaret", 
        "url": "ddd", 
        "country": 4, 
        "longitude": "-87.119698", 
        "ticket_price": "", 
        "added_on": "2001-01-01T00:00:00Z"
    }
},
{
    "pk": 22, 
    "model": "search.pointofinterest", 
    "fields": {
        "rating": "0", 
        "photo": "", 
        "number_of_ratings": 0, 
        "last_updated_on": "2001-01-01T00:00:00Z", 
        "category": 11, 
        "best_time": "", 
        "destination": 10, 
        "state": 9, 
        "salience": 0, 
        "latitude": "20.3193587", 
        "time_required": "", 
        "added_by": "aju", 
        "description": "", 
        "open_hours": "", 
        "latest_update": "", 
        "address": "Xel-H\u00e1 Park, Quintana Roo, Mexico", 
        "name": "Xel-H\u00e1 Park", 
        "url": "ddd", 
        "country": 4, 
        "longitude": "-87.3578124", 
        "ticket_price": "", 
        "added_on": "2001-01-01T00:00:00Z"
    }
},
{
    "pk": 24, 
    "model": "search.pointofinterest", 
    "fields": {
        "rating": "0", 
        "photo": "", 
        "number_of_ratings": 0, 
        "last_updated_on": "2001-01-01T00:00:00Z", 
        "category": 5, 
        "best_time": "", 
        "destination": 20, 
        "state": 5, 
        "salience": 0, 
        "latitude": "36.0160655", 
        "time_required": "", 
        "added_by": "aju", 
        "description": "", 
        "open_hours": "", 
        "latest_update": "", 
        "address": "Hoover Dam, United States", 
        "name": "Hoover Dam", 
        "url": "ddd", 
        "country": 1, 
        "longitude": "-114.7377325", 
        "ticket_price": "", 
        "added_on": "2001-01-01T00:00:00Z"
    }
},
{
    "pk": 25, 
    "model": "search.pointofinterest", 
    "fields": {
        "rating": "0", 
        "photo": "", 
        "number_of_ratings": 0, 
        "last_updated_on": "2001-01-01T00:00:00Z", 
        "category": 4, 
        "best_time": "", 
        "destination": 26, 
        "state": 8, 
        "salience": 0, 
        "latitude": "36.8793089", 
        "time_required": "", 
        "added_by": "aju", 
        "description": "", 
        "open_hours": "", 
        "latest_update": "", 
        "address": "Horseshoe Bend, Arizona, United States", 
        "name": "Horseshoe Bend", 
        "url": "ddd", 
        "country": 1, 
        "longitude": "-111.5124204", 
        "ticket_price": "", 
        "added_on": "2001-01-01T00:00:00Z"
    }
},
{
    "pk": 26, 
    "model": "search.pointofinterest", 
    "fields": {
        "rating": "0", 
        "photo": "", 
        "number_of_ratings": 0, 
        "last_updated_on": "2001-01-01T00:00:00Z", 
        "category": 4, 
        "best_time": "", 
        "destination": 3, 
        "state": 2, 
        "salience": 0, 
        "latitude": "40.6848443", 
        "time_required": "", 
        "added_by": "aju", 
        "description": "", 
        "open_hours": "", 
        "latest_update": "", 
        "address": "Subway Cave, California, United States", 
        "name": "Subway Cave", 
        "url": "ddd", 
        "country": 1, 
        "longitude": "-121.4213195", 
        "ticket_price": "", 
        "added_on": "2001-01-01T00:00:00Z"
    }
},
{
    "pk": 27, 
    "model": "search.pointofinterest", 
    "fields": {
        "rating": "0", 
        "photo": "", 
        "number_of_ratings": 0, 
        "last_updated_on": "2001-01-01T00:00:00Z", 
        "category": 7, 
        "best_time": "", 
        "destination": 27, 
        "state": 2, 
        "salience": 0, 
        "latitude": "41.010716", 
        "time_required": "", 
        "added_by": "aju", 
        "description": "", 
        "open_hours": "", 
        "latest_update": "", 
        "address": "Burney Falls, California, United States", 
        "name": "Burney Falls", 
        "url": "ddd", 
        "country": 1, 
        "longitude": "-121.652765", 
        "ticket_price": "", 
        "added_on": "2001-01-01T00:00:00Z"
    }
},
{
    "pk": 28, 
    "model": "search.pointofinterest", 
    "fields": {
        "rating": "0", 
        "photo": "", 
        "number_of_ratings": 0, 
        "last_updated_on": "2001-01-01T00:00:00Z", 
        "category": 8, 
        "best_time": "", 
        "destination": 27, 
        "state": 2, 
        "salience": 0, 
        "latitude": "41.0275755", 
        "time_required": "", 
        "added_by": "aju", 
        "description": "", 
        "open_hours": "", 
        "latest_update": "", 
        "address": "Lake Britton, California, United States", 
        "name": "Lake Britton", 
        "url": "ddd", 
        "country": 1, 
        "longitude": "-121.6425542", 
        "ticket_price": "", 
        "added_on": "2001-01-01T00:00:00Z"
    }
},
{
    "pk": 29, 
    "model": "search.pointofinterest", 
    "fields": {
        "rating": "0", 
        "photo": "", 
        "number_of_ratings": 0, 
        "last_updated_on": "2001-01-01T00:00:00Z", 
        "category": 7, 
        "best_time": "", 
        "destination": 13, 
        "state": 4, 
        "salience": 0, 
        "latitude": "47.5420781", 
        "time_required": "", 
        "added_by": "aju", 
        "description": "", 
        "open_hours": "", 
        "latest_update": "", 
        "address": "Snoqualmie Falls, Washington, United States", 
        "name": "Snoqualmie Falls", 
        "url": "ddd", 
        "country": 1, 
        "longitude": "-121.8364718", 
        "ticket_price": "", 
        "added_on": "2001-01-01T00:00:00Z"
    }
},
{
    "pk": 30, 
    "model": "search.pointofinterest", 
    "fields": {
        "rating": "0", 
        "photo": "", 
        "number_of_ratings": 0, 
        "last_updated_on": "2001-01-01T00:00:00Z", 
        "category": 2, 
        "best_time": "", 
        "destination": 3, 
        "state": 2, 
        "salience": 0, 
        "latitude": "40.5473847", 
        "time_required": "", 
        "added_by": "aju", 
        "description": "", 
        "open_hours": "", 
        "latest_update": "", 
        "address": "Cinder Cone, California, United States", 
        "name": "Cinder Cone", 
        "url": "ddd", 
        "country": 1, 
        "longitude": "-121.3199729", 
        "ticket_price": "", 
        "added_on": "2001-01-01T00:00:00Z"
    }
},
{
    "pk": 31, 
    "model": "search.pointofinterest", 
    "fields": {
        "rating": "6", 
        "photo": "", 
        "number_of_ratings": 0, 
        "last_updated_on": "2001-01-01T00:00:00Z", 
        "category": 2, 
        "best_time": "d", 
        "destination": 6, 
        "state": 1, 
        "salience": 4, 
        "latitude": "22.063559", 
        "time_required": "d", 
        "added_by": "aju", 
        "description": "s", 
        "open_hours": "d", 
        "latest_update": "d", 
        "address": "Sleeping Giant, Hawaii, United States", 
        "name": "Sleeping Giant", 
        "url": "ddd", 
        "country": 1, 
        "longitude": "-159.3510728", 
        "ticket_price": "d", 
        "added_on": "2001-01-01T00:00:00Z"
    }
},
{
    "pk": 32, 
    "model": "search.pointofinterest", 
    "fields": {
        "rating": "0", 
        "photo": "", 
        "number_of_ratings": 0, 
        "last_updated_on": "2001-01-01T00:00:00Z", 
        "category": 4, 
        "best_time": "d", 
        "destination": 6, 
        "state": 1, 
        "salience": 4, 
        "latitude": "22.2126746", 
        "time_required": "f", 
        "added_by": "aju", 
        "description": "s", 
        "open_hours": "f", 
        "latest_update": "d", 
        "address": "Hanalei Pier, Hawaii, United States", 
        "name": "Hanalei Pier", 
        "url": "ddd", 
        "country": 1, 
        "longitude": "-159.4970159", 
        "ticket_price": "d", 
        "added_on": "2001-01-01T00:00:00Z"
    }
},
{
    "pk": 33, 
    "model": "search.pointofinterest", 
    "fields": {
        "rating": "0", 
        "photo": "", 
        "number_of_ratings": 0, 
        "last_updated_on": "2001-01-01T00:00:00Z", 
        "category": 4, 
        "best_time": "", 
        "destination": 18, 
        "state": 2, 
        "salience": 0, 
        "latitude": "38.9329406", 
        "time_required": "", 
        "added_by": "aju", 
        "description": "", 
        "open_hours": "", 
        "latest_update": "", 
        "address": "Emerald Bay Road, California, United States", 
        "name": "Emerald Bay Road", 
        "url": "ddd", 
        "country": 1, 
        "longitude": "-120.0542396", 
        "ticket_price": "", 
        "added_on": "2001-01-01T00:00:00Z"
    }
},
{
    "pk": 34, 
    "model": "search.pointofinterest", 
    "fields": {
        "rating": "0", 
        "photo": "", 
        "number_of_ratings": 0, 
        "last_updated_on": "2001-01-01T00:00:00Z", 
        "category": 2, 
        "best_time": "", 
        "destination": 18, 
        "state": 2, 
        "salience": 0, 
        "latitude": "38.9488295", 
        "time_required": "", 
        "added_by": "aju", 
        "description": "", 
        "open_hours": "", 
        "latest_update": "", 
        "address": "Eagle Lake Trail, California, United States", 
        "name": "Eagle Lake Trail", 
        "url": "ddd", 
        "country": 1, 
        "longitude": "-120.1165992", 
        "ticket_price": "", 
        "added_on": "2001-01-01T00:00:00Z"
    }
},
{
    "pk": 35, 
    "model": "search.pointofinterest", 
    "fields": {
        "rating": "0", 
        "photo": "", 
        "number_of_ratings": 0, 
        "last_updated_on": "2001-01-01T00:00:00Z", 
        "category": 1, 
        "best_time": "", 
        "destination": 18, 
        "state": 2, 
        "salience": 0, 
        "latitude": "38.9458865", 
        "time_required": "", 
        "added_by": "aju", 
        "description": "", 
        "open_hours": "", 
        "latest_update": "", 
        "address": "Gondola, California, United States", 
        "name": "Gondola", 
        "url": "ddd", 
        "country": 1, 
        "longitude": "-119.9264759", 
        "ticket_price": "", 
        "added_on": "2001-01-01T00:00:00Z"
    }
},
{
    "pk": 36, 
    "model": "search.pointofinterest", 
    "fields": {
        "rating": "0", 
        "photo": "search/images/point_of_interest/36/Pinnacles.jpeg", 
        "number_of_ratings": 0, 
        "last_updated_on": "2001-01-01T00:00:00Z", 
        "category": 2, 
        "best_time": "", 
        "destination": 8, 
        "state": 3, 
        "salience": 2, 
        "latitude": "42.84983", 
        "time_required": "30 mins", 
        "added_by": "aju", 
        "description": "Beautiful pinnacles.", 
        "open_hours": "", 
        "latest_update": "", 
        "address": "Pinnacles, Oregon, United States", 
        "name": "Pinnacles", 
        "url": "ddd", 
        "country": 1, 
        "longitude": "-122.006849", 
        "ticket_price": "", 
        "added_on": "2001-01-01T00:00:00Z"
    }
},
{
    "pk": 37, 
    "model": "search.pointofinterest", 
    "fields": {
        "rating": "0", 
        "photo": "search/images/point_of_interest/37/VisitorCenter.jpeg", 
        "number_of_ratings": 0, 
        "last_updated_on": "2001-01-01T00:00:00Z", 
        "category": 12, 
        "best_time": "", 
        "destination": 8, 
        "state": 3, 
        "salience": 1, 
        "latitude": "42.9111717", 
        "time_required": "30 mins", 
        "added_by": "aju", 
        "description": "22 minute videos here played every half hour.", 
        "open_hours": "", 
        "latest_update": "", 
        "address": "Rim Village Visitor Center, Oregon, United States", 
        "name": "Rim Village Visitor Center", 
        "url": "ddd", 
        "country": 1, 
        "longitude": "-122.1434083", 
        "ticket_price": "", 
        "added_on": "2001-01-01T00:00:00Z"
    }
},
{
    "pk": 38, 
    "model": "search.pointofinterest", 
    "fields": {
        "rating": "0", 
        "photo": "search/images/point_of_interest/38/CleetwoodCove.jpg", 
        "number_of_ratings": 0, 
        "last_updated_on": "2001-01-01T00:00:00Z", 
        "category": 2, 
        "best_time": "asdf", 
        "destination": 8, 
        "state": 3, 
        "salience": 2, 
        "latitude": "42.9752966", 
        "time_required": "1 hour 30 mins", 
        "added_by": "aju", 
        "description": "Moderately strenuous trail. 1.1 miles one way. Boating/ Fishing at the end of the trail.", 
        "open_hours": "asdf", 
        "latest_update": "42", 
        "address": "Cleetwood Cove, Oregon, United States", 
        "name": "Cleetwood Cove", 
        "url": "ddd", 
        "country": 1, 
        "longitude": "-122.078206", 
        "ticket_price": "", 
        "added_on": "2001-01-01T00:00:00Z"
    }
},
{
    "pk": 39, 
    "model": "search.pointofinterest", 
    "fields": {
        "rating": "0", 
        "photo": "search/images/point_of_interest/39/SunNotch.jpg", 
        "number_of_ratings": 0, 
        "last_updated_on": "2001-01-01T00:00:00Z", 
        "category": 2, 
        "best_time": "", 
        "destination": 8, 
        "state": 3, 
        "salience": 4, 
        "latitude": "42.9026297", 
        "time_required": "30 mins", 
        "added_by": "aju", 
        "description": "Good views of the Phantom ship.", 
        "open_hours": "", 
        "latest_update": "", 
        "address": "Sun Notch, Oregon, United States", 
        "name": "Sun Notch", 
        "url": "ddd", 
        "country": 1, 
        "longitude": "-122.0969712", 
        "ticket_price": "", 
        "added_on": "2001-01-01T00:00:00Z"
    }
},
{
    "pk": 40, 
    "model": "search.pointofinterest", 
    "fields": {
        "rating": "0", 
        "photo": "search/images/point_of_interest/40/PhantomShip.jpg", 
        "number_of_ratings": 0, 
        "last_updated_on": "2001-01-01T00:00:00Z", 
        "category": 4, 
        "best_time": "asdf", 
        "destination": 8, 
        "state": 3, 
        "salience": 2, 
        "latitude": "42.914116", 
        "time_required": "10 mins", 
        "added_by": "aju", 
        "description": "Good views of the phantom ship island.", 
        "open_hours": "asdf", 
        "latest_update": "asefd", 
        "address": "Phantom Ship Overlook, Oregon, United States", 
        "name": "Phantom Ship Overlook", 
        "url": "ddd", 
        "country": 1, 
        "longitude": "-122.071351", 
        "ticket_price": "", 
        "added_on": "2001-01-01T00:00:00Z"
    }
},
{
    "pk": 41, 
    "model": "search.pointofinterest", 
    "fields": {
        "rating": "0", 
        "photo": "", 
        "number_of_ratings": 0, 
        "last_updated_on": "2001-01-01T00:00:00Z", 
        "category": 2, 
        "best_time": "", 
        "destination": 19, 
        "state": 2, 
        "salience": 0, 
        "latitude": "41.3570425", 
        "time_required": "3 hours", 
        "added_by": "aju", 
        "description": "", 
        "open_hours": "", 
        "latest_update": "", 
        "address": "Bunny Flat Trail, California, United States", 
        "name": "Bunny Flat Trail", 
        "url": "ddd", 
        "country": 1, 
        "longitude": "-122.2312993", 
        "ticket_price": "", 
        "added_on": "2001-01-01T00:00:00Z"
    }
},
{
    "pk": 42, 
    "model": "search.pointofinterest", 
    "fields": {
        "rating": "0", 
        "photo": "", 
        "number_of_ratings": 0, 
        "last_updated_on": "2001-01-01T00:00:00Z", 
        "category": 4, 
        "best_time": "", 
        "destination": 7, 
        "state": 2, 
        "salience": 0, 
        "latitude": "36.5134221", 
        "time_required": "", 
        "added_by": "aju", 
        "description": "", 
        "open_hours": "", 
        "latest_update": "", 
        "address": "Point Lobos, California, United States", 
        "name": "Point Lobos", 
        "url": "ddd", 
        "country": 1, 
        "longitude": "-121.9438529", 
        "ticket_price": "", 
        "added_on": "2001-01-01T00:00:00Z"
    }
},
{
    "pk": 43, 
    "model": "search.pointofinterest", 
    "fields": {
        "rating": "0", 
        "photo": "search/images/point_of_interest/43/PlaikniFalls.jpg", 
        "number_of_ratings": 0, 
        "last_updated_on": "2001-01-01T00:00:00Z", 
        "category": 2, 
        "best_time": "", 
        "destination": 8, 
        "state": 3, 
        "salience": 7, 
        "latitude": "42.9051826", 
        "time_required": "1 hour", 
        "added_by": "aju", 
        "description": "", 
        "open_hours": "", 
        "latest_update": "", 
        "address": "Plaikni Falls Trail, Oregon, United States", 
        "name": "Plaikni Falls Trail", 
        "url": "ddd", 
        "country": 1, 
        "longitude": "-122.054728", 
        "ticket_price": "", 
        "added_on": "2001-01-01T00:00:00Z"
    }
},
{
    "pk": 44, 
    "model": "search.pointofinterest", 
    "fields": {
        "rating": "0", 
        "photo": "search/images/point_of_interest/44/DiscoveryPoint.jpg", 
        "number_of_ratings": 0, 
        "last_updated_on": "2001-01-01T00:00:00Z", 
        "category": 2, 
        "best_time": "", 
        "destination": 8, 
        "state": 3, 
        "salience": 2, 
        "latitude": "42.9248506", 
        "time_required": "1 hour", 
        "added_by": "aju", 
        "description": "", 
        "open_hours": "", 
        "latest_update": "", 
        "address": "Discovery Point, Oregon, United States", 
        "name": "Discovery Point", 
        "url": "ddd", 
        "country": 1, 
        "longitude": "-122.162251", 
        "ticket_price": "", 
        "added_on": "2001-01-01T00:00:00Z"
    }
},
{
    "pk": 45, 
    "model": "search.pointofinterest", 
    "fields": {
        "rating": "0", 
        "photo": "search/images/point_of_interest/45/CloudCap.jpeg", 
        "number_of_ratings": 0, 
        "last_updated_on": "2001-01-01T00:00:00Z", 
        "category": 4, 
        "best_time": "asdf", 
        "destination": 8, 
        "state": 3, 
        "salience": 4, 
        "latitude": "42.9309213", 
        "time_required": "10 mins", 
        "added_by": "aju", 
        "description": "asdf", 
        "open_hours": "asdf", 
        "latest_update": "asdf", 
        "address": "Cloudcap, Oregon, United States", 
        "name": "Cloudcap", 
        "url": "ddd", 
        "country": 1, 
        "longitude": "-122.0464886", 
        "ticket_price": "asdf", 
        "added_on": "2001-01-01T00:00:00Z"
    }
},
{
    "pk": 46, 
    "model": "search.pointofinterest", 
    "fields": {
        "rating": "0", 
        "photo": "search/images/point_of_interest/46/MountScott.jpg", 
        "number_of_ratings": 0, 
        "last_updated_on": "2001-01-01T00:00:00Z", 
        "category": 2, 
        "best_time": "", 
        "destination": 8, 
        "state": 3, 
        "salience": 3, 
        "latitude": "42.9262415", 
        "time_required": "3 hours", 
        "added_by": "aju", 
        "description": "", 
        "open_hours": "", 
        "latest_update": "", 
        "address": "Mt Scott Trail, Oregon, United States", 
        "name": "Mt Scott Trail", 
        "url": "ddd", 
        "country": 1, 
        "longitude": "-122.03197", 
        "ticket_price": "", 
        "added_on": "2001-01-01T00:00:00Z"
    }
},
{
    "pk": 47, 
    "model": "search.pointofinterest", 
    "fields": {
        "rating": "0", 
        "photo": "", 
        "number_of_ratings": 0, 
        "last_updated_on": "2001-01-01T00:00:00Z", 
        "category": 4, 
        "best_time": "", 
        "destination": 3, 
        "state": 2, 
        "salience": 0, 
        "latitude": "40.4486997", 
        "time_required": "", 
        "added_by": "aju", 
        "description": "", 
        "open_hours": "", 
        "latest_update": "", 
        "address": "Sulphur Works, California, United States", 
        "name": "Sulphur Works", 
        "url": "ddd", 
        "country": 1, 
        "longitude": "-121.5368687", 
        "ticket_price": "", 
        "added_on": "2001-01-01T00:00:00Z"
    }
},
{
    "pk": 48, 
    "model": "search.pointofinterest", 
    "fields": {
        "rating": "0", 
        "photo": "", 
        "number_of_ratings": 0, 
        "last_updated_on": "2001-01-01T00:00:00Z", 
        "category": 2, 
        "best_time": "", 
        "destination": 3, 
        "state": 2, 
        "salience": 0, 
        "latitude": "40.4807316", 
        "time_required": "", 
        "added_by": "aju", 
        "description": "", 
        "open_hours": "", 
        "latest_update": "", 
        "address": "Lassen Peak Trail, California, United States", 
        "name": "Lassen Peak Trail", 
        "url": "ddd", 
        "country": 1, 
        "longitude": "-121.503755", 
        "ticket_price": "", 
        "added_on": "2001-01-01T00:00:00Z"
    }
},
{
    "pk": 49, 
    "model": "search.pointofinterest", 
    "fields": {
        "rating": "0", 
        "photo": "", 
        "number_of_ratings": 0, 
        "last_updated_on": "2001-01-01T00:00:00Z", 
        "category": 1, 
        "best_time": "", 
        "destination": 6, 
        "state": 1, 
        "salience": 0, 
        "latitude": "22.1958872", 
        "time_required": "", 
        "added_by": "", 
        "description": "", 
        "open_hours": "", 
        "latest_update": "", 
        "address": "Kalalau Trail, Hawaii, United States", 
        "name": "Kalalau Trail", 
        "url": "ddd", 
        "country": 1, 
        "longitude": "-159.6203563", 
        "ticket_price": "", 
        "added_on": "2001-01-01T00:00:00Z"
    }
},
{
    "pk": 1, 
    "model": "search.accommodation", 
    "fields": {
        "name": "South Lake Tahoe", 
        "country": 1, 
        "destination": 18, 
        "latest_update": "", 
        "longitude": "-119.9771868", 
        "last_updated_on": "2001-01-01T00:00:00Z", 
        "state": 2, 
        "added_by": "aju", 
        "address": "South Lake Tahoe, California, United States", 
        "latitude": "38.939926", 
        "added_on": "2001-01-01T00:00:00Z", 
        "description": "Best place to stay in summer with all water sports around."
    }
},
{
    "pk": 2, 
    "model": "search.accommodation", 
    "fields": {
        "name": "Reno", 
        "country": 1, 
        "destination": 18, 
        "latest_update": "", 
        "longitude": "-119.8138027", 
        "last_updated_on": "2001-01-01T00:00:00Z", 
        "state": 5, 
        "added_by": "aju", 
        "address": "Reno, Nevada, United States", 
        "latitude": "39.5296329", 
        "added_on": "2001-01-01T00:00:00Z", 
        "description": "A little far but cheap place. Several casinos around. "
    }
},
{
    "pk": 3, 
    "model": "search.accommodation", 
    "fields": {
        "name": "Carson City", 
        "country": 1, 
        "destination": 18, 
        "latest_update": "", 
        "longitude": "-119.7674034", 
        "last_updated_on": "2001-01-01T00:00:00Z", 
        "state": 5, 
        "added_by": "aju", 
        "address": "Carson City, Nevada, United States", 
        "latitude": "39.1637984", 
        "added_on": "2001-01-01T00:00:00Z", 
        "description": "Pretty cheap"
    }
},
{
    "pk": 4, 
    "model": "search.accommodation", 
    "fields": {
        "name": "North Lake Tahoe", 
        "country": 1, 
        "destination": 18, 
        "latest_update": "", 
        "longitude": "-120.12286", 
        "last_updated_on": "2001-01-01T00:00:00Z", 
        "state": 2, 
        "added_by": "aju", 
        "address": "North Lake Tahoe, California, United States", 
        "latitude": "39.184622", 
        "added_on": "2001-01-01T00:00:00Z", 
        "description": "Good in winter. Good ski resorts close by. Also, short drive to Reno."
    }
},
{
    "pk": 5, 
    "model": "search.accommodation", 
    "fields": {
        "name": "Canc\u00fan Downtown", 
        "country": 4, 
        "destination": 10, 
        "latest_update": "", 
        "longitude": "-86.8233754", 
        "last_updated_on": "2001-01-01T00:00:00Z", 
        "state": 9, 
        "added_by": "aju", 
        "address": "Canc\u00fan Downtown, Quintana Roo, Mexico", 
        "latitude": "21.1474996", 
        "added_on": "2001-01-01T00:00:00Z", 
        "description": "Cheap place to stay."
    }
},
{
    "pk": 6, 
    "model": "search.accommodation", 
    "fields": {
        "name": "Canc\u00fan Hotel Area", 
        "country": 4, 
        "destination": 10, 
        "latest_update": "", 
        "longitude": "-86.7759969", 
        "last_updated_on": "2001-01-01T00:00:00Z", 
        "state": 9, 
        "added_by": "aju", 
        "address": "Canc\u00fan Hotel Area, Quintana Roo, Mexico", 
        "latitude": "21.074796", 
        "added_on": "2001-01-01T00:00:00Z", 
        "description": "Expensive resort type hotels. But, all tour buses pickup from here. Convenient location."
    }
},
{
    "pk": 7, 
    "model": "search.accommodation", 
    "fields": {
        "name": "Red Bluff", 
        "country": 1, 
        "destination": 3, 
        "latest_update": "", 
        "longitude": "-122.2358302", 
        "last_updated_on": "2001-01-01T00:00:00Z", 
        "state": 2, 
        "added_by": "aju", 
        "address": "Red Bluff, California, United States", 
        "latitude": "40.1784886", 
        "added_on": "2001-01-01T00:00:00Z", 
        "description": ""
    }
},
{
    "pk": 8, 
    "model": "search.accommodation", 
    "fields": {
        "name": "Burney", 
        "country": 1, 
        "destination": 3, 
        "latest_update": "", 
        "longitude": "-121.6608205", 
        "last_updated_on": "2001-01-01T00:00:00Z", 
        "state": 2, 
        "added_by": "aju", 
        "address": "Burney, California, United States", 
        "latitude": "40.8823811", 
        "added_on": "2001-01-01T00:00:00Z", 
        "description": ""
    }
},
{
    "pk": 9, 
    "model": "search.accommodation", 
    "fields": {
        "name": "Princeville", 
        "country": 1, 
        "destination": 6, 
        "latest_update": "", 
        "longitude": "-159.4852778", 
        "last_updated_on": "2001-01-01T00:00:00Z", 
        "state": 1, 
        "added_by": "aju", 
        "address": "Princeville, Hawaii, United States", 
        "latitude": "22.2236111", 
        "added_on": "2001-01-01T00:00:00Z", 
        "description": "Stay at the beautiful north shore."
    }
},
{
    "pk": 10, 
    "model": "search.accommodation", 
    "fields": {
        "name": "Poipu", 
        "country": 1, 
        "destination": 6, 
        "latest_update": "", 
        "longitude": "-159.4566317", 
        "last_updated_on": "2001-01-01T00:00:00Z", 
        "state": 1, 
        "added_by": "aju", 
        "address": "Poipu, Hawaii, United States", 
        "latitude": "21.8870198", 
        "added_on": "2001-01-01T00:00:00Z", 
        "description": "Near the busy town. Central to everything else in the island"
    }
},
{
    "pk": 11, 
    "model": "search.accommodation", 
    "fields": {
        "name": "Medford", 
        "country": 1, 
        "destination": 8, 
        "latest_update": "", 
        "longitude": "-122.8755949", 
        "last_updated_on": "2001-01-01T00:00:00Z", 
        "state": 3, 
        "added_by": "aju", 
        "address": "Medford, Oregon, United States", 
        "latitude": "42.3265152", 
        "added_on": "2001-01-01T00:00:00Z", 
        "description": ""
    }
},
{
    "pk": 12, 
    "model": "search.accommodation", 
    "fields": {
        "name": "Klamath Falls", 
        "country": 1, 
        "destination": 8, 
        "latest_update": "", 
        "longitude": "-121.7816704", 
        "last_updated_on": "2001-01-01T00:00:00Z", 
        "state": 3, 
        "added_by": "aju", 
        "address": "Klamath Falls, Oregon, United States", 
        "latitude": "42.224867", 
        "added_on": "2001-01-01T00:00:00Z", 
        "description": ""
    }
}
]
